report_id,modality,body_region,examination,clinical_information,comparison,technique,findings,impression,full_text
1,MRI,Brain,MR brain without and with contrast,"Chronic headaches, recent change in character",Brain MRI without and with contrast XX/XX/2019,"Multisequence, multiplanar MR of the brain obtained without and with intravenous contrast. Contrast type, dose and administration as documented in electronic medical record.","Brain parenchyma: No acute diffusion restriction to suggest acute infarct. No abnormal susceptibility to suggest macrohemorrhage. No mass-like enhancing lesion identified. Scattered few tiny foci of T2/FLAIR hyperintensity within the supratentorial deep and periventricular white matter, greatest in the periventricular frontal region, each measuring up to 3 mm, likely chronic microvascular ischemic change given age. No abnormal enhancement.
Midline/ventricles: Midline structures are midline. Ventricular size and morphology within expected limits for age without transependymal CSF flow.
Extra-axial/meninges: No extra-axial fluid collection. No abnormal dural enhancement.
Orbits/visual pathways: Optic nerves grossly symmetric without abnormal enhancement.
Posterior fossa/cerebellum/brainstem: Normal signal and morphology. No inferior cerebellar tonsillar herniation.
Vessels: MRA not performed; intracranial flow voids preserved on standard sequences.
Paranasal sinuses and mastoids: Mild retained secretions in the maxillary sinuses.
Bones/soft tissues: No suspicious osseous lesion.
Incidental: Small retention cyst in the left sphenoid sinus measuring approximately 8 mm.","1. No acute intracranial abnormality identified — no diffusion restriction or acute hemorrhage.
2. Scattered tiny foci of T2/FLAIR hyperintensity in the supratentorial white matter (up to 3 mm), most consistent with chronic microvascular ischemic change.
3. Small retention cyst in the left sphenoid sinus (approx. 8 mm), likely incidental.","Examination(s): MR brain without and with contrast. Clinical information: Chronic headaches, recent change in character. Comparison(s): Brain MRI without and with contrast XX/XX/2019. Technique: Multisequence, multiplanar MR of the brain obtained without and with intravenous contrast. Contrast type, dose and administration as documented in electronic medical record.. Findings: Brain parenchyma: No acute diffusion restriction to suggest acute infarct. No abnormal susceptibility to suggest macrohemorrhage. No mass-like enhancing lesion identified. Scattered few tiny foci of T2/FLAIR hyperintensity within the supratentorial deep and periventricular white matter, greatest in the periventricular frontal region, each measuring up to 3 mm, likely chronic microvascular ischemic change given age. No abnormal enhancement.
Midline/ventricles: Midline structures are midline. Ventricular size and morphology within expected limits for age without transependymal CSF flow.
Extra-axial/meninges: No extra-axial fluid collection. No abnormal dural enhancement.
Orbits/visual pathways: Optic nerves grossly symmetric without abnormal enhancement.
Posterior fossa/cerebellum/brainstem: Normal signal and morphology. No inferior cerebellar tonsillar herniation.
Vessels: MRA not performed; intracranial flow voids preserved on standard sequences.
Paranasal sinuses and mastoids: Mild retained secretions in the maxillary sinuses.
Bones/soft tissues: No suspicious osseous lesion.
Incidental: Small retention cyst in the left sphenoid sinus measuring approximately 8 mm. Impression: 1. No acute intracranial abnormality identified — no diffusion restriction or acute hemorrhage.
2. Scattered tiny foci of T2/FLAIR hyperintensity in the supratentorial white matter (up to 3 mm), most consistent with chronic microvascular ischemic change.
3. Small retention cyst in the left sphenoid sinus (approx. 8 mm), likely incidental."
2,MRI,Brain,MR brain with and without contrast — stroke protocol,Acute right hemiparesis and aphasia; last known well 3 hours prior,None,"Multisequence diffusion-weighted, perfusion-sensitive, and conventional MR imaging of the brain obtained without and with intravenous contrast. Contrast type, dose and administration as documented in electronic medical record. Time-of-flight intracranial MRA performed.","Diffusion/ADC: Acute restricted diffusion in the left MCA cortex and adjacent subcortical white matter involving the opercular/insular region, measuring approximately 2.1 x 1.8 x 1.2 cm (AP x TR x CC), consistent with acute infarction.
FLAIR/T2: Corresponding FLAIR hyperintensity in the left lateral frontal/insular cortex. Mild cortical swelling in the involved territory.
Susceptibility (GRE/SWI): Tiny foci of susceptibility blooming at the periphery of the infarct measuring up to 2–3 mm, suspicious for petechial hemorrhagic conversion.
Vessels/MRA: Time-of-flight MRA demonstrates abrupt cutoff of flow in the proximal left M1 segment consistent with occlusion. Distal M2 branches show reduced caliber and flow.
Perfusion: Relative perfusion deficit corresponding to the left MCA territory with increased time-to-peak and decreased cerebral blood flow/volume in the affected region (perfusion maps reviewed).
Midline/ventricles: No mass effect causing midline shift greater than 3 mm. Ventricles preserved for age.
Other: No extra-axial hemorrhage identified. No additional acute intracranial hemorrhage.","1. Acute infarct of the left MCA territory with restricted diffusion involving the opercular/insular cortex, measuring approximately 2.1 x 1.8 x 1.2 cm — correlates with clinical focal deficits.
2. Proximal left M1 occlusion on TOF-MRA with decreased distal flow.
3. Small peripheral susceptibility foci within the infarct compatible with petechial hemorrhagic conversion.
4. Perfusion imaging shows significant hypoperfusion of the left MCA territory. Findings are time-sensitive — correlate with clinical exam and consider urgent stroke intervention per stroke team protocols.","Examination(s): MR brain with and without contrast — stroke protocol. Clinical information: Acute right hemiparesis and aphasia; last known well 3 hours prior. Comparison(s): None. Technique: Multisequence diffusion-weighted, perfusion-sensitive, and conventional MR imaging of the brain obtained without and with intravenous contrast. Contrast type, dose and administration as documented in electronic medical record. Time-of-flight intracranial MRA performed.. Findings: Diffusion/ADC: Acute restricted diffusion in the left MCA cortex and adjacent subcortical white matter involving the opercular/insular region, measuring approximately 2.1 x 1.8 x 1.2 cm (AP x TR x CC), consistent with acute infarction.
FLAIR/T2: Corresponding FLAIR hyperintensity in the left lateral frontal/insular cortex. Mild cortical swelling in the involved territory.
Susceptibility (GRE/SWI): Tiny foci of susceptibility blooming at the periphery of the infarct measuring up to 2–3 mm, suspicious for petechial hemorrhagic conversion.
Vessels/MRA: Time-of-flight MRA demonstrates abrupt cutoff of flow in the proximal left M1 segment consistent with occlusion. Distal M2 branches show reduced caliber and flow.
Perfusion: Relative perfusion deficit corresponding to the left MCA territory with increased time-to-peak and decreased cerebral blood flow/volume in the affected region (perfusion maps reviewed).
Midline/ventricles: No mass effect causing midline shift greater than 3 mm. Ventricles preserved for age.
Other: No extra-axial hemorrhage identified. No additional acute intracranial hemorrhage. Impression: 1. Acute infarct of the left MCA territory with restricted diffusion involving the opercular/insular cortex, measuring approximately 2.1 x 1.8 x 1.2 cm — correlates with clinical focal deficits.
2. Proximal left M1 occlusion on TOF-MRA with decreased distal flow.
3. Small peripheral susceptibility foci within the infarct compatible with petechial hemorrhagic conversion.
4. Perfusion imaging shows significant hypoperfusion of the left MCA territory. Findings are time-sensitive — correlate with clinical exam and consider urgent stroke intervention per stroke team protocols."
3,MRI,Brain,MR brain without and with contrast,Known right cerebellopontine angle meningioma — surveillance imaging,Brain MRI with and without contrast XX/XX/2022,"Multisequence, multiplanar MR of the brain obtained without and with intravenous contrast. Contrast type, dose and administration as documented in electronic medical record.","Brain parenchyma: No acute diffusion restriction. No additional intracranial mass lesions identified apart from the known extra-axial lesion.
Extra-axial/dural-based lesion: A dural-based, well-defined enhancing mass is present at the right cerebellopontine angle measuring approximately 28 x 25 x 23 mm (AP x TR x CC). The lesion demonstrates homogeneous strong postcontrast enhancement and a thin dural tail along the adjacent petrous ridge, most consistent with meningioma. Mild surrounding T2/FLAIR hyperintensity in the adjacent right cerebellar hemisphere, likely vasogenic edema, extends up to 9 mm from the lesion margin.
Mass effect/hydrocephalus: The lesion mildly effaces the adjacent cerebellar folia and indents the lateral aspect of the fourth ventricle without frank obstruction. No transependymal CSF flow to suggest acute hydrocephalus. No significant midline shift.
Cranial nerves: The internal auditory canal is patent; no definite intracanalicular extension identified. Facial and vestibulocochlear nerve assessment limited by spatial resolution.
Vessels/bones: No abnormal vascular flow voids adjacent to the lesion. Mild remodeling of the adjacent petrous bone at the site of dural attachment, unchanged from prior.
Other: No other suspicious enhancing lesions.","1. Dural-based enhancing mass at the right cerebellopontine angle consistent with meningioma, measuring approximately 28 x 25 x 23 mm.  
2. Mild surrounding vasogenic edema in the adjacent right cerebellum and mild mass effect on the lateral aspect of the fourth ventricle without obstructive hydrocephalus.  
3. Findings are similar but appear mildly increased in size compared to prior study from 02/XX/2022 — recommend correlation with prior imaging and neurosurgical consultation for consideration of treatment options.","Examination(s): MR brain without and with contrast. Clinical information: Known right cerebellopontine angle meningioma — surveillance imaging. Comparison(s): Brain MRI with and without contrast XX/XX/2022. Technique: Multisequence, multiplanar MR of the brain obtained without and with intravenous contrast. Contrast type, dose and administration as documented in electronic medical record.. Findings: Brain parenchyma: No acute diffusion restriction. No additional intracranial mass lesions identified apart from the known extra-axial lesion.
Extra-axial/dural-based lesion: A dural-based, well-defined enhancing mass is present at the right cerebellopontine angle measuring approximately 28 x 25 x 23 mm (AP x TR x CC). The lesion demonstrates homogeneous strong postcontrast enhancement and a thin dural tail along the adjacent petrous ridge, most consistent with meningioma. Mild surrounding T2/FLAIR hyperintensity in the adjacent right cerebellar hemisphere, likely vasogenic edema, extends up to 9 mm from the lesion margin.
Mass effect/hydrocephalus: The lesion mildly effaces the adjacent cerebellar folia and indents the lateral aspect of the fourth ventricle without frank obstruction. No transependymal CSF flow to suggest acute hydrocephalus. No significant midline shift.
Cranial nerves: The internal auditory canal is patent; no definite intracanalicular extension identified. Facial and vestibulocochlear nerve assessment limited by spatial resolution.
Vessels/bones: No abnormal vascular flow voids adjacent to the lesion. Mild remodeling of the adjacent petrous bone at the site of dural attachment, unchanged from prior.
Other: No other suspicious enhancing lesions. Impression: 1. Dural-based enhancing mass at the right cerebellopontine angle consistent with meningioma, measuring approximately 28 x 25 x 23 mm.  
2. Mild surrounding vasogenic edema in the adjacent right cerebellum and mild mass effect on the lateral aspect of the fourth ventricle without obstructive hydrocephalus.  
3. Findings are similar but appear mildly increased in size compared to prior study from 02/XX/2022 — recommend correlation with prior imaging and neurosurgical consultation for consideration of treatment options."
4,MRI,Brain,MR brain without and with contrast,Head trauma after fall from standing; brief loss of consciousness,Head CT without contrast XX/XX/2024,"Multisequence MR of the brain obtained without and with intravenous contrast including susceptibility-weighted sequences. Contrast type, dose and administration as documented in electronic medical record.","Susceptibility (SWI/GRE): Left convexity crescentic extra-axial susceptibility and T1/T2 hypointense collection along the left frontoparietal convexity measuring up to 6 mm in maximal thickness, consistent with acute/subacute subdural hematoma. Scattered punctate microhemorrhages involving the corpus callosum (genu and splenium) and deep white matter, the largest approximately 4 mm, suspicious for traumatic axonal injury.
Diffusion/FLAIR: No large areas of restricted diffusion to suggest acute territorial infarct. Mild sulcal effacement adjacent to the left convexity collection without significant mass effect. No transependymal edema.
Extra-axial: No epidural hematoma identified. No subarachnoid hemorrhage identified on FLAIR or susceptibility.
Midline/ventricles: Midline structures midline without measurable shift (<2 mm). Ventricular size within expected limits.
Contrast: No abnormal leptomeningeal or nodular parenchymal enhancement. No enhancing extra-axial mass.
Other: No cranial vault fracture identified on MR sequences; correlate with CT for bony detail.","1. Left convexity subdural hematoma up to 6 mm in thickness without significant midline shift (measured <2 mm).  
2. Multiple scattered punctate susceptibility foci involving the corpus callosum and deep white matter, most consistent with traumatic axonal microhemorrhages — concerning for diffuse axonal injury.  
3. No large territorial infarct or subarachnoid hemorrhage identified. Recommend neurosurgical correlation; consider follow-up imaging per institutional trauma protocol and correlate with head CT for acute management and evaluation of skull fracture.","Examination(s): MR brain without and with contrast. Clinical information: Head trauma after fall from standing; brief loss of consciousness. Comparison(s): Head CT without contrast XX/XX/2024. Technique: Multisequence MR of the brain obtained without and with intravenous contrast including susceptibility-weighted sequences. Contrast type, dose and administration as documented in electronic medical record.. Findings: Susceptibility (SWI/GRE): Left convexity crescentic extra-axial susceptibility and T1/T2 hypointense collection along the left frontoparietal convexity measuring up to 6 mm in maximal thickness, consistent with acute/subacute subdural hematoma. Scattered punctate microhemorrhages involving the corpus callosum (genu and splenium) and deep white matter, the largest approximately 4 mm, suspicious for traumatic axonal injury.
Diffusion/FLAIR: No large areas of restricted diffusion to suggest acute territorial infarct. Mild sulcal effacement adjacent to the left convexity collection without significant mass effect. No transependymal edema.
Extra-axial: No epidural hematoma identified. No subarachnoid hemorrhage identified on FLAIR or susceptibility.
Midline/ventricles: Midline structures midline without measurable shift (<2 mm). Ventricular size within expected limits.
Contrast: No abnormal leptomeningeal or nodular parenchymal enhancement. No enhancing extra-axial mass.
Other: No cranial vault fracture identified on MR sequences; correlate with CT for bony detail. Impression: 1. Left convexity subdural hematoma up to 6 mm in thickness without significant midline shift (measured <2 mm).  
2. Multiple scattered punctate susceptibility foci involving the corpus callosum and deep white matter, most consistent with traumatic axonal microhemorrhages — concerning for diffuse axonal injury.  
3. No large territorial infarct or subarachnoid hemorrhage identified. Recommend neurosurgical correlation; consider follow-up imaging per institutional trauma protocol and correlate with head CT for acute management and evaluation of skull fracture."
5,MRI,Brain,MR brain without and with contrast,New-onset complex partial seizures and memory disturbance,Brain MRI without and with contrast XX/XX/2020,"Multisequence, multiplanar MR of the brain obtained without and with intravenous contrast including thin-slice coronal T2/FLAIR and volumetric sequences through the temporal lobes. Contrast type, dose and administration as documented in electronic medical record.","Mesial temporal lobes: Left greater than right hippocampal volume loss with increased T2/FLAIR signal within the left mesial temporal structures (left hippocampal head and body), greatest width approximately 11 mm on coronal oblique images. Findings are most suggestive of mesial temporal sclerosis/hippocampal sclerosis.
Cortex/white matter: No enhancing mass identified. No diffusion restriction.
Pituitary/sella: Small rounded mildly T2 hyperintense focus at the posterior pituitary consistent with physiologic posterior pituitary bright spot. No discrete enhancing pituitary microadenoma identified.
Vessels/other: No abnormal intracranial vascular flow voids. No abnormal leptomeningeal enhancement.
Incidental: Small pineal gland cyst measuring approximately 7 mm without nodular enhancement. Paranasal sinuses clear.","1. Left hippocampal volume loss with increased T2/FLAIR signal consistent with left mesial temporal sclerosis — imaging appearance concordant with an epileptogenic focus.  
2. No enhancing mass or acute abnormality identified.  
3. Incidental small pineal cyst measuring approximately 7 mm, likely benign.  
Recommendation: Correlate with EEG and clinical seizure semiology; consider epilepsy surgery evaluation if clinically indicated.","Examination(s): MR brain without and with contrast. Clinical information: New-onset complex partial seizures and memory disturbance. Comparison(s): Brain MRI without and with contrast XX/XX/2020. Technique: Multisequence, multiplanar MR of the brain obtained without and with intravenous contrast including thin-slice coronal T2/FLAIR and volumetric sequences through the temporal lobes. Contrast type, dose and administration as documented in electronic medical record.. Findings: Mesial temporal lobes: Left greater than right hippocampal volume loss with increased T2/FLAIR signal within the left mesial temporal structures (left hippocampal head and body), greatest width approximately 11 mm on coronal oblique images. Findings are most suggestive of mesial temporal sclerosis/hippocampal sclerosis.
Cortex/white matter: No enhancing mass identified. No diffusion restriction.
Pituitary/sella: Small rounded mildly T2 hyperintense focus at the posterior pituitary consistent with physiologic posterior pituitary bright spot. No discrete enhancing pituitary microadenoma identified.
Vessels/other: No abnormal intracranial vascular flow voids. No abnormal leptomeningeal enhancement.
Incidental: Small pineal gland cyst measuring approximately 7 mm without nodular enhancement. Paranasal sinuses clear. Impression: 1. Left hippocampal volume loss with increased T2/FLAIR signal consistent with left mesial temporal sclerosis — imaging appearance concordant with an epileptogenic focus.  
2. No enhancing mass or acute abnormality identified.  
3. Incidental small pineal cyst measuring approximately 7 mm, likely benign.  
Recommendation: Correlate with EEG and clinical seizure semiology; consider epilepsy surgery evaluation if clinically indicated."
6,CT,Chest,CT chest without contrast,"Blunt thoracic trauma after motor vehicle collision. Right-sided chest pain, shortness of breath.",None,Axial CT images of the chest were obtained without intravenous contrast. Multiplanar reformats were reviewed.,"Lungs and pleura: Small right apical and lateral pneumothorax measuring up to approximately 8 mm in thickness at the most dependent portion. Small right pleural fluid/hemorrhagic effusion layering along the lateral chest, estimated depth ~10 mm. Patchy right greater than left peripheral consolidation and ground-glass opacity consistent with pulmonary contusion, greatest in the right middle and right lower lobes, measuring up to 35 mm in greatest axial dimension. No large-volume hemothorax.
Chest wall and bones: Comminuted fractures of the right lateral 8th and 9th ribs with mild displacement; nondisplaced fracture of the right 7th rib. No sternal or clavicular fracture identified. No acute displaced fractures of the thoracic spine seen.
Mediastinum and heart: No widened mediastinum. Cardiomediastinal contours within expected limits for technique.
Additional: No subcutaneous emphysema identified. No intraparenchymal hemorrhagic contusion >2 cm.
Impression embedded within findings for clarity.","1. Small right-sided pneumothorax (maximum thickness ~8 mm). 2. Right lateral rib fractures involving the 8th and 9th ribs (comminuted, mild displacement); additional nondisplaced 7th rib fracture. 3. Small right pleural effusion, likely hemorrhagic, layering posteriorly (~10 mm). 4. Patchy pulmonary contusions in the right middle and lower lobes (largest focus ~35 mm). 5. No acute intrathoracic aortic injury or large-volume hemothorax identified. Clinical correlation recommended; consider chest tube placement for symptomatic or enlarging pneumothorax and repeat chest radiograph or CT for interval assessment.","Examination(s): CT chest without contrast. Clinical information: Blunt thoracic trauma after motor vehicle collision. Right-sided chest pain, shortness of breath.. Comparison(s): None. Technique: Axial CT images of the chest were obtained without intravenous contrast. Multiplanar reformats were reviewed.. Findings: Lungs and pleura: Small right apical and lateral pneumothorax measuring up to approximately 8 mm in thickness at the most dependent portion. Small right pleural fluid/hemorrhagic effusion layering along the lateral chest, estimated depth ~10 mm. Patchy right greater than left peripheral consolidation and ground-glass opacity consistent with pulmonary contusion, greatest in the right middle and right lower lobes, measuring up to 35 mm in greatest axial dimension. No large-volume hemothorax.
Chest wall and bones: Comminuted fractures of the right lateral 8th and 9th ribs with mild displacement; nondisplaced fracture of the right 7th rib. No sternal or clavicular fracture identified. No acute displaced fractures of the thoracic spine seen.
Mediastinum and heart: No widened mediastinum. Cardiomediastinal contours within expected limits for technique.
Additional: No subcutaneous emphysema identified. No intraparenchymal hemorrhagic contusion >2 cm.
Impression embedded within findings for clarity. Impression: 1. Small right-sided pneumothorax (maximum thickness ~8 mm). 2. Right lateral rib fractures involving the 8th and 9th ribs (comminuted, mild displacement); additional nondisplaced 7th rib fracture. 3. Small right pleural effusion, likely hemorrhagic, layering posteriorly (~10 mm). 4. Patchy pulmonary contusions in the right middle and lower lobes (largest focus ~35 mm). 5. No acute intrathoracic aortic injury or large-volume hemothorax identified. Clinical correlation recommended; consider chest tube placement for symptomatic or enlarging pneumothorax and repeat chest radiograph or CT for interval assessment."
7,CT,Chest,CT pulmonary angiography (CTPA) of the chest with contrast,"Acute onset dyspnea and pleuritic chest pain. Elevated D-dimer, concern for pulmonary embolism.",CT pulmonary angiogram XX/XX/XXXX,CT pulmonary angiography obtained following intravenous administration of iodinated contrast. Multiphase thin-section axial images with coronal and sagittal reformats were reviewed. Right ventricular and left ventricular short-axis measurements obtained on axial images.,"Pulmonary arterial vasculature: Acute thromboembolic filling defects are present within segmental and subsegmental branches of the right lower lobe pulmonary artery and within a segmental branch of the left lower lobe. No central saddle embolus identified. No embolus seen in the main or lobar pulmonary arteries.
Cardiomediastinal: Mild right ventricular enlargement with an estimated RV/LV short-axis ratio of approximately 1.05 (measured on axial images), suggestive of mild right heart strain. No pericardial effusion.
Lungs and pleura: Patchy peripheral wedge-shaped airspace opacity at the right lower lobe periphery consistent with infarct or associated atelectasis/consolidation, measuring up to 18 x 22 mm. Small bilateral pleural effusions, greater on the right, with maximum measured thickness of 12 mm.
Other: Moderate coronary artery atherosclerotic calcification. No acute osseous abnormality.
Comparison note: Compared with prior exam XX/XX/XXXX, thrombus location appears similar in distribution (if prior positive), or if prior was negative, this is new — please correlate with comparison report.","1. Acute pulmonary emboli within segmental and subsegmental branches of the right lower lobe and a segmental branch of the left lower lobe. 2. Mild right ventricular enlargement with RV/LV ratio ~1.05, concerning for mild right heart strain. 3. Small bilateral pleural effusions, greater on the right. 4. Patchy peripheral right lower lobe airspace opacity (up to 22 mm), which may reflect pulmonary infarct or associated consolidation. 5. Incidental moderate coronary artery atherosclerotic calcification. Recommend clinical correlation and prompt anticoagulation per clinical status; consider cardiology/PE response team evaluation given signs of right heart strain.","Examination(s): CT pulmonary angiography (CTPA) of the chest with contrast. Clinical information: Acute onset dyspnea and pleuritic chest pain. Elevated D-dimer, concern for pulmonary embolism.. Comparison(s): CT pulmonary angiogram XX/XX/XXXX. Technique: CT pulmonary angiography obtained following intravenous administration of iodinated contrast. Multiphase thin-section axial images with coronal and sagittal reformats were reviewed. Right ventricular and left ventricular short-axis measurements obtained on axial images.. Findings: Pulmonary arterial vasculature: Acute thromboembolic filling defects are present within segmental and subsegmental branches of the right lower lobe pulmonary artery and within a segmental branch of the left lower lobe. No central saddle embolus identified. No embolus seen in the main or lobar pulmonary arteries.
Cardiomediastinal: Mild right ventricular enlargement with an estimated RV/LV short-axis ratio of approximately 1.05 (measured on axial images), suggestive of mild right heart strain. No pericardial effusion.
Lungs and pleura: Patchy peripheral wedge-shaped airspace opacity at the right lower lobe periphery consistent with infarct or associated atelectasis/consolidation, measuring up to 18 x 22 mm. Small bilateral pleural effusions, greater on the right, with maximum measured thickness of 12 mm.
Other: Moderate coronary artery atherosclerotic calcification. No acute osseous abnormality.
Comparison note: Compared with prior exam XX/XX/XXXX, thrombus location appears similar in distribution (if prior positive), or if prior was negative, this is new — please correlate with comparison report. Impression: 1. Acute pulmonary emboli within segmental and subsegmental branches of the right lower lobe and a segmental branch of the left lower lobe. 2. Mild right ventricular enlargement with RV/LV ratio ~1.05, concerning for mild right heart strain. 3. Small bilateral pleural effusions, greater on the right. 4. Patchy peripheral right lower lobe airspace opacity (up to 22 mm), which may reflect pulmonary infarct or associated consolidation. 5. Incidental moderate coronary artery atherosclerotic calcification. Recommend clinical correlation and prompt anticoagulation per clinical status; consider cardiology/PE response team evaluation given signs of right heart strain."
8,CT,Chest,CT chest with intravenous contrast (staging),Known right upper lobe lung mass; staging and restaging for neoplasm. Interval cough and weight loss.,CT chest with contrast XX/XX/XXXX,Contrast-enhanced CT of the chest performed in the venous phase following IV iodinated contrast administration. Multiplanar reconstructions reviewed.,"Lungs and airways: Spiculated enhancing mass in the right upper lobe APical/posterior segment measuring approximately 2.8 x 2.6 x 2.4 cm (axial greatest dimension 28 mm). This represents interval increase compared with prior CT dated XX/XX/XXXX where the lesion measured approximately 1.6 cm. Multiple additional pulmonary nodules in the left lung, the largest measuring 9 mm in the left lower lobe and another 6 mm subpleural nodule in the left upper lobe—suspicious for metastatic disease.
Mediastinum and hila: Enlarged right paratracheal and right hilar lymph nodes with the largest short-axis measurement ~16 mm (right lower paratracheal). No bulky mediastinal adenopathy greater than 20 mm.
Pleura and pericardium: Small bilateral pleural effusions, right greater than left, estimated maximum depth 8–10 mm. No definite pleural nodularity identified on these images. No pericardial effusion.
Chest wall and bones: No overt osseous metastatic lesion identified on the included field of view.
Incidental: 1. Small heterogeneous nodule within the inferior right thyroid lobe measuring approximately 9 mm; consider correlation with dedicated neck ultrasound. 2. No acute cardiopulmonary edema.","1. Spiculated enhancing right upper lobe mass measuring 2.8 cm, interval increase from prior study on XX/XX/XXXX (prior 1.6 cm) — concerning for primary lung malignancy. 2. Right paratracheal and right hilar adenopathy (largest short axis ~16 mm), suspicious for nodal metastatic disease. 3. Multiple small contralateral pulmonary nodules (largest ~9 mm in left lower lobe) concerning for metastatic spread. 4. Small bilateral pleural effusions (right > left). 5. Incidental 9 mm right thyroid lobe nodule — consider ultrasound correlation. Recommend PET/CT for further staging and tissue diagnosis (bronchoscopy or CT-guided biopsy) as clinically appropriate.","Examination(s): CT chest with intravenous contrast (staging). Clinical information: Known right upper lobe lung mass; staging and restaging for neoplasm. Interval cough and weight loss.. Comparison(s): CT chest with contrast XX/XX/XXXX. Technique: Contrast-enhanced CT of the chest performed in the venous phase following IV iodinated contrast administration. Multiplanar reconstructions reviewed.. Findings: Lungs and airways: Spiculated enhancing mass in the right upper lobe APical/posterior segment measuring approximately 2.8 x 2.6 x 2.4 cm (axial greatest dimension 28 mm). This represents interval increase compared with prior CT dated XX/XX/XXXX where the lesion measured approximately 1.6 cm. Multiple additional pulmonary nodules in the left lung, the largest measuring 9 mm in the left lower lobe and another 6 mm subpleural nodule in the left upper lobe—suspicious for metastatic disease.
Mediastinum and hila: Enlarged right paratracheal and right hilar lymph nodes with the largest short-axis measurement ~16 mm (right lower paratracheal). No bulky mediastinal adenopathy greater than 20 mm.
Pleura and pericardium: Small bilateral pleural effusions, right greater than left, estimated maximum depth 8–10 mm. No definite pleural nodularity identified on these images. No pericardial effusion.
Chest wall and bones: No overt osseous metastatic lesion identified on the included field of view.
Incidental: 1. Small heterogeneous nodule within the inferior right thyroid lobe measuring approximately 9 mm; consider correlation with dedicated neck ultrasound. 2. No acute cardiopulmonary edema. Impression: 1. Spiculated enhancing right upper lobe mass measuring 2.8 cm, interval increase from prior study on XX/XX/XXXX (prior 1.6 cm) — concerning for primary lung malignancy. 2. Right paratracheal and right hilar adenopathy (largest short axis ~16 mm), suspicious for nodal metastatic disease. 3. Multiple small contralateral pulmonary nodules (largest ~9 mm in left lower lobe) concerning for metastatic spread. 4. Small bilateral pleural effusions (right > left). 5. Incidental 9 mm right thyroid lobe nodule — consider ultrasound correlation. Recommend PET/CT for further staging and tissue diagnosis (bronchoscopy or CT-guided biopsy) as clinically appropriate."
9,CT,Chest,Low-dose CT chest (lung cancer screening),"Screening in long-term smoker, age 66.",CT chest low-dose XX/XX/XXXX,Low-dose noncontrast CT of the chest obtained in supine position with thin-section axial images and reformats.,"Lungs: Mild centrilobular and paraseptal emphysematous changes greatest in the upper lobes. Solitary noncalcified pulmonary nodule in the right lower lobe measuring approximately 6 mm in greatest axial dimension, peripherally located. No associated focal consolidation. No other pulmonary nodules greater than 5 mm identified. No cavitation.
Mediastinum/heart: Heart size borderline enlarged for technique. Aortic atherosclerotic calcification present.
Pleura: No pleural effusion or pleural-based mass.
Bones: Multilevel thoracic spondylosis; no acute osseous abnormality.
Incidental: Small hypodense lesion at the visualized superior liver measuring approximately 12 mm — likely a cyst; consider correlation if clinically indicated on complete chest/abdomen imaging.","1. Solitary 6 mm noncalcified peripheral right lower lobe pulmonary nodule. Short-term CT follow-up recommended (e.g., 6–12 month low-dose CT) per Fleischner/Lung-RADS guidance and clinical risk assessment. 2. Mild emphysematous change, greater in the upper lobes. 3. Aortic atherosclerotic calcification. 4. Incidental small hepatic hypodense focus (~12 mm) at the superior visualized liver — likely cyst; correlate with prior imaging or dedicated abdominal imaging if clinically warranted.","Examination(s): Low-dose CT chest (lung cancer screening). Clinical information: Screening in long-term smoker, age 66.. Comparison(s): CT chest low-dose XX/XX/XXXX. Technique: Low-dose noncontrast CT of the chest obtained in supine position with thin-section axial images and reformats.. Findings: Lungs: Mild centrilobular and paraseptal emphysematous changes greatest in the upper lobes. Solitary noncalcified pulmonary nodule in the right lower lobe measuring approximately 6 mm in greatest axial dimension, peripherally located. No associated focal consolidation. No other pulmonary nodules greater than 5 mm identified. No cavitation.
Mediastinum/heart: Heart size borderline enlarged for technique. Aortic atherosclerotic calcification present.
Pleura: No pleural effusion or pleural-based mass.
Bones: Multilevel thoracic spondylosis; no acute osseous abnormality.
Incidental: Small hypodense lesion at the visualized superior liver measuring approximately 12 mm — likely a cyst; consider correlation if clinically indicated on complete chest/abdomen imaging. Impression: 1. Solitary 6 mm noncalcified peripheral right lower lobe pulmonary nodule. Short-term CT follow-up recommended (e.g., 6–12 month low-dose CT) per Fleischner/Lung-RADS guidance and clinical risk assessment. 2. Mild emphysematous change, greater in the upper lobes. 3. Aortic atherosclerotic calcification. 4. Incidental small hepatic hypodense focus (~12 mm) at the superior visualized liver — likely cyst; correlate with prior imaging or dedicated abdominal imaging if clinically warranted."
10,CT,Chest,CT chest with intravenous contrast,"Fever, productive cough, and increased shortness of breath. Concern for pneumonia versus aspiration.",Chest radiograph XX/XX/XXXX,"Contrast-enhanced CT of the chest acquired in the portal venous phase, with axial images and multiplanar reformats reviewed.","Lungs: Consolidative airspace consolidation involving the right middle lobe and the lateral aspect of the right lower lobe with air bronchograms, greatest measured extent approximately 5.2 x 4.0 cm in axial plane. Additional multifocal tree-in-bud and bronchial wall thickening in the right greater than left perihilar regions, suggestive of infectious/bronchitic process. No cavitation identified in the consolidated regions. No evidence of new focal lobar collapse.
Pleura and mediastinum: Small right pleural effusion layering posteriorly, maximum depth ~9 mm. No mediastinal gas. Moderately enlarged hilar lymph nodes, likely reactive, largest short-axis ~12 mm on the right.
Cardiac: Cardiomediastinal contours mildly enlarged consistent with cardiomegaly. No pericardial effusion.
Other: No acute osseous abnormality. Visualized upper abdomen without acute abnormality.
Findings favor infectious consolidation/aspiration in the right middle and lower lobes; pulmonary embolism was not specifically assessed on this study and would require a CT pulmonary angiogram if clinically suspected.","1. Right middle lobe and adjacent right lower lobe airspace consolidation with air bronchograms (largest focus ~5.2 x 4.0 cm), most consistent with lobar/segmental pneumonia or aspiration. 2. Associated tree-in-bud centrilobular nodularity and bronchial wall thickening in the right greater than left lung, supporting infectious/bronchitic process. 3. Small right pleural effusion (~9 mm) and mildly enlarged reactive right hilar lymph nodes (largest ~12 mm). 4. Mild cardiomegaly. 5. If concern for pulmonary embolus persists, consider dedicated CT pulmonary angiography as this exam was acquired in the venous phase and is not optimized for PE evaluation. Recommend clinical correlation, microbiologic workup, and treatment as indicated; follow-up imaging to document resolution is suggested.","Examination(s): CT chest with intravenous contrast. Clinical information: Fever, productive cough, and increased shortness of breath. Concern for pneumonia versus aspiration.. Comparison(s): Chest radiograph XX/XX/XXXX. Technique: Contrast-enhanced CT of the chest acquired in the portal venous phase, with axial images and multiplanar reformats reviewed.. Findings: Lungs: Consolidative airspace consolidation involving the right middle lobe and the lateral aspect of the right lower lobe with air bronchograms, greatest measured extent approximately 5.2 x 4.0 cm in axial plane. Additional multifocal tree-in-bud and bronchial wall thickening in the right greater than left perihilar regions, suggestive of infectious/bronchitic process. No cavitation identified in the consolidated regions. No evidence of new focal lobar collapse.
Pleura and mediastinum: Small right pleural effusion layering posteriorly, maximum depth ~9 mm. No mediastinal gas. Moderately enlarged hilar lymph nodes, likely reactive, largest short-axis ~12 mm on the right.
Cardiac: Cardiomediastinal contours mildly enlarged consistent with cardiomegaly. No pericardial effusion.
Other: No acute osseous abnormality. Visualized upper abdomen without acute abnormality.
Findings favor infectious consolidation/aspiration in the right middle and lower lobes; pulmonary embolism was not specifically assessed on this study and would require a CT pulmonary angiogram if clinically suspected. Impression: 1. Right middle lobe and adjacent right lower lobe airspace consolidation with air bronchograms (largest focus ~5.2 x 4.0 cm), most consistent with lobar/segmental pneumonia or aspiration. 2. Associated tree-in-bud centrilobular nodularity and bronchial wall thickening in the right greater than left lung, supporting infectious/bronchitic process. 3. Small right pleural effusion (~9 mm) and mildly enlarged reactive right hilar lymph nodes (largest ~12 mm). 4. Mild cardiomegaly. 5. If concern for pulmonary embolus persists, consider dedicated CT pulmonary angiography as this exam was acquired in the venous phase and is not optimized for PE evaluation. Recommend clinical correlation, microbiologic workup, and treatment as indicated; follow-up imaging to document resolution is suggested."
11,MRI,Cervical spine,MR cervical spine without contrast,"Right-sided neck pain with radicular symptoms into the right arm, numbness in the thumb and index finger.",None,"Multiplanar, multisequence MR of the cervical spine obtained without intravenous contrast including sagittal T1, sagittal STIR, sagittal T2, and axial T2 sequences through each disc level.","Alignment and vertebral bodies: Cervical lordosis preserved. Vertebral body heights maintained without acute compression deformity. Mild multilevel posterior osteophyte formation, greatest at C5-C6. Bone marrow: No focal marrow replacement lesion identified. Cord: Cervical spinal cord demonstrates normal caliber without intrinsic expansile lesion. No discrete focal cord T2 hyperintensity to suggest myelomalacia. Discs/foramina/canal: Broad-based disc osteophyte complex at C5-C6 with a right paracentral component producing moderate-to-severe right foraminal narrowing. The right C6 neural foramen measures approximately 3 to 4 mm in height, reduced compared to expected normal. Mild central canal narrowing at C5-C6 with anteroposterior canal diameter estimated at 8 mm. C6-C7 shows mild diffuse disc bulge without significant canal compromise. Facet joints/ligamentum flavum: Mild facet arthropathy at C4-C6. No significant hypertrophy of the ligamentum flavum. Prevertebral soft tissues/paraspinal soft tissues: No abnormal prevertebral fluid collection. Incidental: Small benign-appearing T1 hyperintense focus in the inferior right paraspinous soft tissue compatible with a small lipomatous focus, measures approximately 6 x 5 mm.","1. Right paracentral disc osteophyte complex at C5-C6 causing moderate-to-severe right C6 foraminal narrowing (right C6 nerve root impingement likely) and mild-to-moderate central canal narrowing at C5-C6. 2. Mild multilevel cervical spondylosis, greatest at C5-C6 and C6-C7. 3. No focal cord T2 signal abnormality to suggest myelomalacia or acute cord contusion. 4. Incidental small right paraspinous lipomatous focus measuring approximately 6 x 5 mm. Correlate with clinical exam; consider targeted electrophysiologic testing or referral for interventional management if symptoms persist.","Examination(s): MR cervical spine without contrast. Clinical information: Right-sided neck pain with radicular symptoms into the right arm, numbness in the thumb and index finger.. Comparison(s): None. Technique: Multiplanar, multisequence MR of the cervical spine obtained without intravenous contrast including sagittal T1, sagittal STIR, sagittal T2, and axial T2 sequences through each disc level.. Findings: Alignment and vertebral bodies: Cervical lordosis preserved. Vertebral body heights maintained without acute compression deformity. Mild multilevel posterior osteophyte formation, greatest at C5-C6. Bone marrow: No focal marrow replacement lesion identified. Cord: Cervical spinal cord demonstrates normal caliber without intrinsic expansile lesion. No discrete focal cord T2 hyperintensity to suggest myelomalacia. Discs/foramina/canal: Broad-based disc osteophyte complex at C5-C6 with a right paracentral component producing moderate-to-severe right foraminal narrowing. The right C6 neural foramen measures approximately 3 to 4 mm in height, reduced compared to expected normal. Mild central canal narrowing at C5-C6 with anteroposterior canal diameter estimated at 8 mm. C6-C7 shows mild diffuse disc bulge without significant canal compromise. Facet joints/ligamentum flavum: Mild facet arthropathy at C4-C6. No significant hypertrophy of the ligamentum flavum. Prevertebral soft tissues/paraspinal soft tissues: No abnormal prevertebral fluid collection. Incidental: Small benign-appearing T1 hyperintense focus in the inferior right paraspinous soft tissue compatible with a small lipomatous focus, measures approximately 6 x 5 mm. Impression: 1. Right paracentral disc osteophyte complex at C5-C6 causing moderate-to-severe right C6 foraminal narrowing (right C6 nerve root impingement likely) and mild-to-moderate central canal narrowing at C5-C6. 2. Mild multilevel cervical spondylosis, greatest at C5-C6 and C6-C7. 3. No focal cord T2 signal abnormality to suggest myelomalacia or acute cord contusion. 4. Incidental small right paraspinous lipomatous focus measuring approximately 6 x 5 mm. Correlate with clinical exam; consider targeted electrophysiologic testing or referral for interventional management if symptoms persist."
12,MRI,Lumbar spine,MR lumbar spine without contrast,Chronic low back pain with left greater than right sciatica. Prior L5-S1 posterior instrumented fusion.,Lumbar spine MR and radiographs 08/15/2019,"Multiplanar, multisequence MR of the lumbar spine obtained without IV contrast including sagittal T1, sagittal STIR, sagittal and axial T2 through the lumbar levels and axial T1 through the fusion level.","Alignment and vertebral bodies: Posterior instrumented fusion at L5-S1 with intact pedicle screws and rods visualized. No lucency along hardware to suggest gross loosening. Mild loss of disc height at multiple levels, most pronounced at L4-5. Bone marrow: No focal marrow-replacing lesion. Mild Modic type II changes at L5-S1 adjacent to the fusion. Discs/canal/foramina: Broad-based disc bulge at L4-5 with superimposed facet hypertrophy producing moderate central canal stenosis and moderate bilateral lateral recess narrowing, greater on the left. Left L4 and L5 nerve roots are mildly effaced within the lateral recess. L3-4 shows mild central canal narrowing due to degenerative disc bulge and facet arthropathy. L5-S1 shows expected postoperative changes with loss of disc and interbody signal and small posterior epidural scar posterior to the fused segment without definite large recurrent disc herniation. Neural foramina: Moderate left L4-5 foraminal narrowing; mild right L4-5 foraminal narrowing. Conus/cauda equina: Conus medullaris terminates at approximately L1 and demonstrates normal signal. Paraspinal soft tissues: Mild asymmetric right greater than left paraspinal muscle fatty atrophy, chronic. Incidental: Small T2 hyperintense simple-appearing 8 mm cystic focus within the left posterior paraspinous soft tissues, likely benign ganglion or synovial cyst.","1. Postoperative changes at L5-S1 with intact posterior instrumentation; small posterior epidural scar at the level of fusion without large recurrent disc. 2. Broad-based disc bulge and facet hypertrophy at L4-5 producing moderate central canal stenosis and moderate bilateral lateral recess narrowing, greater on the left, with mild effacement of the left L4/L5 nerve roots — correlate with left-sided radicular symptoms. 3. Mild multilevel degenerative disc disease, greatest at L4-5; mild central canal narrowing at L3-4. 4. Mild asymmetric paraspinal muscle fatty atrophy. 5. Incidental small posterior paraspinous 8 mm cystic focus. If symptoms are progressive or correlate with the L4-5 level, consider surgical consultation or targeted epidural/interventional options; correlate with prior imaging from 08/15/2019 which shows similar postoperative appearance.","Examination(s): MR lumbar spine without contrast. Clinical information: Chronic low back pain with left greater than right sciatica. Prior L5-S1 posterior instrumented fusion.. Comparison(s): Lumbar spine MR and radiographs 08/15/2019. Technique: Multiplanar, multisequence MR of the lumbar spine obtained without IV contrast including sagittal T1, sagittal STIR, sagittal and axial T2 through the lumbar levels and axial T1 through the fusion level.. Findings: Alignment and vertebral bodies: Posterior instrumented fusion at L5-S1 with intact pedicle screws and rods visualized. No lucency along hardware to suggest gross loosening. Mild loss of disc height at multiple levels, most pronounced at L4-5. Bone marrow: No focal marrow-replacing lesion. Mild Modic type II changes at L5-S1 adjacent to the fusion. Discs/canal/foramina: Broad-based disc bulge at L4-5 with superimposed facet hypertrophy producing moderate central canal stenosis and moderate bilateral lateral recess narrowing, greater on the left. Left L4 and L5 nerve roots are mildly effaced within the lateral recess. L3-4 shows mild central canal narrowing due to degenerative disc bulge and facet arthropathy. L5-S1 shows expected postoperative changes with loss of disc and interbody signal and small posterior epidural scar posterior to the fused segment without definite large recurrent disc herniation. Neural foramina: Moderate left L4-5 foraminal narrowing; mild right L4-5 foraminal narrowing. Conus/cauda equina: Conus medullaris terminates at approximately L1 and demonstrates normal signal. Paraspinal soft tissues: Mild asymmetric right greater than left paraspinal muscle fatty atrophy, chronic. Incidental: Small T2 hyperintense simple-appearing 8 mm cystic focus within the left posterior paraspinous soft tissues, likely benign ganglion or synovial cyst. Impression: 1. Postoperative changes at L5-S1 with intact posterior instrumentation; small posterior epidural scar at the level of fusion without large recurrent disc. 2. Broad-based disc bulge and facet hypertrophy at L4-5 producing moderate central canal stenosis and moderate bilateral lateral recess narrowing, greater on the left, with mild effacement of the left L4/L5 nerve roots — correlate with left-sided radicular symptoms. 3. Mild multilevel degenerative disc disease, greatest at L4-5; mild central canal narrowing at L3-4. 4. Mild asymmetric paraspinal muscle fatty atrophy. 5. Incidental small posterior paraspinous 8 mm cystic focus. If symptoms are progressive or correlate with the L4-5 level, consider surgical consultation or targeted epidural/interventional options; correlate with prior imaging from 08/15/2019 which shows similar postoperative appearance."
13,MRI,Thoracic spine,MR thoracic spine without contrast,Thoracic spine trauma after fall from ladder — localized midline thoracic pain.,None,"Multiplanar, multisequence MR of the thoracic spine obtained without intravenous contrast including sagittal T1, sagittal STIR, sagittal T2 and axial T2 sequences through the region of interest.","Vertebral bodies: Acute anterior wedge compression deformity of T8 with approximately 25% loss of anterior vertebral body height compared to posterior height. The T8 vertebral body demonstrates increased STIR signal consistent with marrow edema. No focal retropulsed fragment indenting the ventral spinal canal is identified. Mild endplate irregularity at T7-T8 and T8-T9. No other acute compression deformity. Cord: Spinal cord demonstrates normal caliber and signal on T2 and STIR sequences without evidence of intrinsic cord contusion or hemorrhage. Canal/foramina: No significant canal compromise identified; anteroposterior canal diameter preserved at the level of T8 with no significant canal encroachment from fracture fragments. Posterior elements/ligaments: Posterior ligamentous complex appears intact on available sequences without discrete disruption. Paraspinal soft tissues: Small adjacent anterior-paraspinal fluid/edema signal compatible with acute injury. Incidental: Classic vertical striated hyperintense lesion within the vertebral body of T12 on T1/T2 sequences consistent with a vertebral hemangioma, measures approximately 12 x 10 mm.",1. Acute compression fracture of T8 with approximately 25% anterior vertebral body height loss and associated marrow edema on STIR — consistent with acute/subacute fracture. 2. No retropulsion or significant canal compromise identified; no MRI evidence of spinal cord contusion or hemorrhage. 3. Posterior ligamentous complex appears intact on the sequences obtained. 4. Incidental T12 vertebral hemangioma measuring ~12 x 10 mm. Recommend clinical correlation and referral to spine trauma service for consideration of bracing versus surgical management given the degree of height loss and symptoms. Consider short-interval radiographic or CT follow-up if clinical concern for stability persists.,"Examination(s): MR thoracic spine without contrast. Clinical information: Thoracic spine trauma after fall from ladder — localized midline thoracic pain.. Comparison(s): None. Technique: Multiplanar, multisequence MR of the thoracic spine obtained without intravenous contrast including sagittal T1, sagittal STIR, sagittal T2 and axial T2 sequences through the region of interest.. Findings: Vertebral bodies: Acute anterior wedge compression deformity of T8 with approximately 25% loss of anterior vertebral body height compared to posterior height. The T8 vertebral body demonstrates increased STIR signal consistent with marrow edema. No focal retropulsed fragment indenting the ventral spinal canal is identified. Mild endplate irregularity at T7-T8 and T8-T9. No other acute compression deformity. Cord: Spinal cord demonstrates normal caliber and signal on T2 and STIR sequences without evidence of intrinsic cord contusion or hemorrhage. Canal/foramina: No significant canal compromise identified; anteroposterior canal diameter preserved at the level of T8 with no significant canal encroachment from fracture fragments. Posterior elements/ligaments: Posterior ligamentous complex appears intact on available sequences without discrete disruption. Paraspinal soft tissues: Small adjacent anterior-paraspinal fluid/edema signal compatible with acute injury. Incidental: Classic vertical striated hyperintense lesion within the vertebral body of T12 on T1/T2 sequences consistent with a vertebral hemangioma, measures approximately 12 x 10 mm. Impression: 1. Acute compression fracture of T8 with approximately 25% anterior vertebral body height loss and associated marrow edema on STIR — consistent with acute/subacute fracture. 2. No retropulsion or significant canal compromise identified; no MRI evidence of spinal cord contusion or hemorrhage. 3. Posterior ligamentous complex appears intact on the sequences obtained. 4. Incidental T12 vertebral hemangioma measuring ~12 x 10 mm. Recommend clinical correlation and referral to spine trauma service for consideration of bracing versus surgical management given the degree of height loss and symptoms. Consider short-interval radiographic or CT follow-up if clinical concern for stability persists."
14,MRI,Cervical spine,MR cervical spine without contrast,Progressive gait difficulty and hand clumsiness; concern for cervical myelopathy.,Cervical spine MR 03/02/2018,"Multiplanar, multisequence MR of the cervical spine obtained without IV contrast including sagittal T1, sagittal STIR, sagittal and axial T2 through each intervertebral level.","Alignment and vertebral bodies: Straightening of the cervical lordosis. Multilevel anterior osteophyte formation and disc height loss at C3-4 through C6-7. Bone marrow: No focal marrow replacement lesion identified. Cord: Linear focal T2 hyperintensity within the cervical spinal cord centered at the C4-C5 level extending approximately 12 mm craniocaudally, more conspicuous on sagittal STIR and T2 sequences — findings most compatible with chronic myelomalacic change/cord edema. The cord is flattened anteriorly at C4-C5. Discs/foramina/canal: Broad-based disc osteophyte complex and posterior osteophytes at C4-C5 producing severe central canal stenosis with marked cord compression. Additional moderate central canal stenosis at C3-C4 and C5-C6 due to combined disc and facet hypertrophy. Severe bilateral foraminal narrowing at C4-C5. Facets/ligamentum flavum: Moderate facet arthropathy and mild hypertrophy of the ligamentum flavum at involved levels. Paraspinal soft tissues: No abnormal prevertebral soft tissue swelling. Incidental: Small benign-appearing 7 mm extramedullary CSF-intensity lesion at the left posterior foramen at C6 level, favored to represent a small perineural cyst.","1. Severe central canal stenosis at C4-C5 from a broad-based disc-osteophyte complex with marked anterior cord compression and focal intramedullary T2 hyperintensity extending ~12 mm at C4-C5 — findings most compatible with myelomalacia/cord gliosis or edema. 2. Additional multilevel spondylotic changes with moderate central canal stenosis at adjacent levels (C3-4, C5-6) and severe bilateral foraminal narrowing at C4-C5. 3. No extradural hematoma or acute cord transection identified. 4. Incidental small left posterior perineural cyst at C6 foramen ~7 mm. Given MRI evidence of cord signal change and significant canal compromise, urgent clinical correlation and neurosurgical/spine evaluation is recommended to discuss surgical decompression.","Examination(s): MR cervical spine without contrast. Clinical information: Progressive gait difficulty and hand clumsiness; concern for cervical myelopathy.. Comparison(s): Cervical spine MR 03/02/2018. Technique: Multiplanar, multisequence MR of the cervical spine obtained without IV contrast including sagittal T1, sagittal STIR, sagittal and axial T2 through each intervertebral level.. Findings: Alignment and vertebral bodies: Straightening of the cervical lordosis. Multilevel anterior osteophyte formation and disc height loss at C3-4 through C6-7. Bone marrow: No focal marrow replacement lesion identified. Cord: Linear focal T2 hyperintensity within the cervical spinal cord centered at the C4-C5 level extending approximately 12 mm craniocaudally, more conspicuous on sagittal STIR and T2 sequences — findings most compatible with chronic myelomalacic change/cord edema. The cord is flattened anteriorly at C4-C5. Discs/foramina/canal: Broad-based disc osteophyte complex and posterior osteophytes at C4-C5 producing severe central canal stenosis with marked cord compression. Additional moderate central canal stenosis at C3-C4 and C5-C6 due to combined disc and facet hypertrophy. Severe bilateral foraminal narrowing at C4-C5. Facets/ligamentum flavum: Moderate facet arthropathy and mild hypertrophy of the ligamentum flavum at involved levels. Paraspinal soft tissues: No abnormal prevertebral soft tissue swelling. Incidental: Small benign-appearing 7 mm extramedullary CSF-intensity lesion at the left posterior foramen at C6 level, favored to represent a small perineural cyst. Impression: 1. Severe central canal stenosis at C4-C5 from a broad-based disc-osteophyte complex with marked anterior cord compression and focal intramedullary T2 hyperintensity extending ~12 mm at C4-C5 — findings most compatible with myelomalacia/cord gliosis or edema. 2. Additional multilevel spondylotic changes with moderate central canal stenosis at adjacent levels (C3-4, C5-6) and severe bilateral foraminal narrowing at C4-C5. 3. No extradural hematoma or acute cord transection identified. 4. Incidental small left posterior perineural cyst at C6 foramen ~7 mm. Given MRI evidence of cord signal change and significant canal compromise, urgent clinical correlation and neurosurgical/spine evaluation is recommended to discuss surgical decompression."
15,MRI,Lumbar spine,MR lumbar spine without contrast,"Right greater than left sciatica, acute onset after lifting heavy object.",Lumbar spine radiographs 11/10/2020,"Multiplanar, multisequence MR of the lumbar spine obtained without IV contrast including sagittal T1, sagittal STIR, sagittal and axial T2 sequences through L1-S1.","Alignment and vertebral bodies: Normal lumbar alignment without acute compression deformity. Bone marrow: No suspicious marrow signal. Conus: Conus medullaris terminates at expected level with normal signal. Discs/foramina/canal: Broad-based posterior disc protrusion at L5-S1 with a right paracentral component extending approximately 5 mm posteriorly contacting and mildly displacing the right S1 nerve root within the lateral recess and proximal foramen. The right S1 nerve root demonstrates mild T2 hyperintensity consistent with irritation. Right S1 foraminal height is reduced to approximately 3 mm. L4-5 demonstrates mild diffuse disc bulge with facet hypertrophy causing mild bilateral foraminal narrowing. Tarlov (perineural) cyst in the right S2 neural foramen measuring approximately 10 x 9 x 12 mm, CSF signal on all sequences and likely incidental. Facet joints/ligamentum flavum: Mild facet arthropathy at L4-5, L5-S1. Paraspinal soft tissues: No focal fluid collection or mass. Incidental: Very small (3 mm) intramuscular ganglion-like cyst at the left multifidus region.","1. Right paracentral disc protrusion at L5-S1 measuring ~5 mm contacting and mildly displacing the right S1 nerve root with reduced right S1 foraminal height (~3 mm) — imaging correlate for right S1 radiculopathy. 2. Mild multilevel degenerative changes, greatest at L4-5 and L5-S1 with mild L4-5 foraminal narrowing. 3. Incidental right S2 Tarlov (perineural) cyst measuring approximately 10 x 9 x 12 mm — likely asymptomatic. 4. Small incidental intramuscular 3 mm cyst in the left multifidus. Correlate with clinical and neurologic exam; consider conservative therapy or targeted epidural steroid injection; surgical discussion if progressive neurologic deficit or refractory pain.","Examination(s): MR lumbar spine without contrast. Clinical information: Right greater than left sciatica, acute onset after lifting heavy object.. Comparison(s): Lumbar spine radiographs 11/10/2020. Technique: Multiplanar, multisequence MR of the lumbar spine obtained without IV contrast including sagittal T1, sagittal STIR, sagittal and axial T2 sequences through L1-S1.. Findings: Alignment and vertebral bodies: Normal lumbar alignment without acute compression deformity. Bone marrow: No suspicious marrow signal. Conus: Conus medullaris terminates at expected level with normal signal. Discs/foramina/canal: Broad-based posterior disc protrusion at L5-S1 with a right paracentral component extending approximately 5 mm posteriorly contacting and mildly displacing the right S1 nerve root within the lateral recess and proximal foramen. The right S1 nerve root demonstrates mild T2 hyperintensity consistent with irritation. Right S1 foraminal height is reduced to approximately 3 mm. L4-5 demonstrates mild diffuse disc bulge with facet hypertrophy causing mild bilateral foraminal narrowing. Tarlov (perineural) cyst in the right S2 neural foramen measuring approximately 10 x 9 x 12 mm, CSF signal on all sequences and likely incidental. Facet joints/ligamentum flavum: Mild facet arthropathy at L4-5, L5-S1. Paraspinal soft tissues: No focal fluid collection or mass. Incidental: Very small (3 mm) intramuscular ganglion-like cyst at the left multifidus region. Impression: 1. Right paracentral disc protrusion at L5-S1 measuring ~5 mm contacting and mildly displacing the right S1 nerve root with reduced right S1 foraminal height (~3 mm) — imaging correlate for right S1 radiculopathy. 2. Mild multilevel degenerative changes, greatest at L4-5 and L5-S1 with mild L4-5 foraminal narrowing. 3. Incidental right S2 Tarlov (perineural) cyst measuring approximately 10 x 9 x 12 mm — likely asymptomatic. 4. Small incidental intramuscular 3 mm cyst in the left multifidus. Correlate with clinical and neurologic exam; consider conservative therapy or targeted epidural steroid injection; surgical discussion if progressive neurologic deficit or refractory pain."
16,CT,Abdomen/Pelvis,CT abdomen and pelvis with IV contrast,"Right lower quadrant abdominal pain, fever, leukocytosis",None,Contrast-enhanced CT of the abdomen and pelvis obtained following intravenous administration of iodinated contrast material (type and dose documented in electronic medical record). Multiplanar reformats performed.,"Appendix: The appendix is dilated, measuring up to 12 mm in maximal outer diameter with focal wall thickening and hyperenhancement. Periappendiceal fat stranding is present. A small phlegmonous-appearing soft tissue density/blurred fluid collection measures approximately 2.5 x 2.0 cm adjacent to the tip of the appendix. No well-defined rim-enhancing fluid collection to suggest a mature drainable abscess (>3 cm).
Bowel/mesentery: No evidence of bowel obstruction. No pneumoperitoneum identified.
Solid organs: Liver, spleen, pancreas and visualized adrenals demonstrate no focal lytic or enhancing mass. Incidental right renal cortical simple cyst measuring 12 mm (1.2 cm) with water attenuation, consistent with a Bosniak I simple cyst.
Vasculature: No acute vascular thrombosis identified. 
Bones/soft tissues: No acute osseous abnormality identified.
Other: No free intraperitoneal air. Small volume free fluid in the right lower quadrant adjacent to the appendix.","1. Imaging findings most consistent with acute appendicitis: dilated appendix (12 mm) with wall thickening, periappendiceal fat stranding and a small adjacent phlegmon measuring approximately 2.5 x 2.0 cm. 2. No well-formed rim-enhancing abscess identified to suggest a drainable collection at this time. 3. No pneumoperitoneum or bowel obstruction. 4. Incidental simple right renal cortical cyst measuring ~1.2 cm (likely benign).","Examination(s): CT abdomen and pelvis with IV contrast. Clinical information: Right lower quadrant abdominal pain, fever, leukocytosis. Comparison(s): None. Technique: Contrast-enhanced CT of the abdomen and pelvis obtained following intravenous administration of iodinated contrast material (type and dose documented in electronic medical record). Multiplanar reformats performed.. Findings: Appendix: The appendix is dilated, measuring up to 12 mm in maximal outer diameter with focal wall thickening and hyperenhancement. Periappendiceal fat stranding is present. A small phlegmonous-appearing soft tissue density/blurred fluid collection measures approximately 2.5 x 2.0 cm adjacent to the tip of the appendix. No well-defined rim-enhancing fluid collection to suggest a mature drainable abscess (>3 cm).
Bowel/mesentery: No evidence of bowel obstruction. No pneumoperitoneum identified.
Solid organs: Liver, spleen, pancreas and visualized adrenals demonstrate no focal lytic or enhancing mass. Incidental right renal cortical simple cyst measuring 12 mm (1.2 cm) with water attenuation, consistent with a Bosniak I simple cyst.
Vasculature: No acute vascular thrombosis identified. 
Bones/soft tissues: No acute osseous abnormality identified.
Other: No free intraperitoneal air. Small volume free fluid in the right lower quadrant adjacent to the appendix. Impression: 1. Imaging findings most consistent with acute appendicitis: dilated appendix (12 mm) with wall thickening, periappendiceal fat stranding and a small adjacent phlegmon measuring approximately 2.5 x 2.0 cm. 2. No well-formed rim-enhancing abscess identified to suggest a drainable collection at this time. 3. No pneumoperitoneum or bowel obstruction. 4. Incidental simple right renal cortical cyst measuring ~1.2 cm (likely benign)."
17,CT,Abdomen/Pelvis,CT abdomen and pelvis without contrast (renal stone protocol),"Gross hematuria and acute flank pain, evaluate for urinary tract calculi",CT abdomen and pelvis without contrast XX/XX/XXXX,Non-contrast CT of the abdomen and pelvis with thin-section axial images and multiplanar reconstructions optimized for stone detection.,"Urinary tract: There is a 6 mm hyperdense calculus in the proximal left ureter at the level of the L3 vertebral body. Left-sided hydroureteronephrosis is present with dilation of the renal pelvis measuring up to 18 mm and proximal ureteral dilation to approximately 8 mm. Perinephric fat stranding and minimal perinephric fluid are present on the left, suspicious for acute obstructive uropathy. A nonobstructing 3 mm calculus is seen in the interpolar region of the right kidney. No additional large intrarenal calculi identified.
Bowel/mesentery: No evidence of bowel obstruction or free intraperitoneal air.
Solid organs: No focal hepatic or splenic laceration or mass identified. 
Bones: No acute osseous abnormality.
Other: No abnormal pelvic free fluid.",1. 6 mm obstructing calculus of the proximal left ureter with moderate left hydroureteronephrosis (renal pelvis up to 18 mm) and associated perinephric stranding—findings consistent with acute obstructive uropathy. 2. Incidental 3 mm nonobstructing right renal calculus. 3. No evidence of bowel obstruction or free air. Recommend urology consultation for management of obstructing left ureteral stone; correlation with renal function and consideration of decompression if clinically indicated.,"Examination(s): CT abdomen and pelvis without contrast (renal stone protocol). Clinical information: Gross hematuria and acute flank pain, evaluate for urinary tract calculi. Comparison(s): CT abdomen and pelvis without contrast XX/XX/XXXX. Technique: Non-contrast CT of the abdomen and pelvis with thin-section axial images and multiplanar reconstructions optimized for stone detection.. Findings: Urinary tract: There is a 6 mm hyperdense calculus in the proximal left ureter at the level of the L3 vertebral body. Left-sided hydroureteronephrosis is present with dilation of the renal pelvis measuring up to 18 mm and proximal ureteral dilation to approximately 8 mm. Perinephric fat stranding and minimal perinephric fluid are present on the left, suspicious for acute obstructive uropathy. A nonobstructing 3 mm calculus is seen in the interpolar region of the right kidney. No additional large intrarenal calculi identified.
Bowel/mesentery: No evidence of bowel obstruction or free intraperitoneal air.
Solid organs: No focal hepatic or splenic laceration or mass identified. 
Bones: No acute osseous abnormality.
Other: No abnormal pelvic free fluid. Impression: 1. 6 mm obstructing calculus of the proximal left ureter with moderate left hydroureteronephrosis (renal pelvis up to 18 mm) and associated perinephric stranding—findings consistent with acute obstructive uropathy. 2. Incidental 3 mm nonobstructing right renal calculus. 3. No evidence of bowel obstruction or free air. Recommend urology consultation for management of obstructing left ureteral stone; correlation with renal function and consideration of decompression if clinically indicated."
18,CT,Abdomen/Pelvis,CT abdomen and pelvis with IV contrast (oncologic staging),"Known colorectal adenocarcinoma, staging and restaging for metastatic disease",CT abdomen and pelvis with IV contrast XX/XX/XXXX,"Multiphase contrast-enhanced CT of the abdomen and pelvis performed following intravenous iodinated contrast (type and dose documented in electronic medical record). Portal venous phase images reviewed with axial, coronal and sagittal reformats.","Liver: Multiple hypoenhancing hepatic lesions scattered throughout both lobes suspicious for metastatic disease. The largest lesion is in segment VII measuring approximately 4.2 x 3.8 cm. Several smaller lesions measured: 2.1 cm (segment IV), 1.4 cm (segment II), and numerous subcentimeter lesions. Compared with prior study dated XX/XX/XXXX there is interval increase in size and number of hepatic lesions.
Lymph nodes: Enlarged porta hepatis and periportal lymph nodes measuring up to 2.5 x 1.8 cm. Several subcentimeter retroperitoneal nodes are present.
Bowel/primary site: Postoperative changes in the left lower quadrant at the expected surgical bed; no evidence of locally recurrent mass identified on current images.
Osseous structures: No lytic destructive osseous metastases identified on this exam; limited sensitivity.
Pelvis: Complex left adnexal cystic mass measures approximately 5.0 x 4.5 cm with internal septations and heterogeneous density—could represent hemorrhagic/complex functional cyst versus cystic metastasis; correlation with pelvic ultrasound or clinical history suggested. No frank pelvic free fluid.
Other solid organs: Spleen, pancreas and kidneys demonstrate no focal suspicious lesions apart from subcentimeter renal cysts.
No bowel obstruction or pneumoperitoneum.","1. Multiple hepatic metastases, largest in segment VII measuring 4.2 x 3.8 cm; interval increase in size and number of hepatic lesions compared with prior exam XX/XX/XXXX—worrisome for progression. 2. Enlarged porta hepatis lymphadenopathy up to 2.5 cm. 3. Complex left adnexal cystic mass measuring ~5.0 x 4.5 cm—recommend pelvic ultrasound correlation to further characterize and to evaluate for possible metastatic disease. 4. No acute bowel obstruction or free intraperitoneal air identified. Recommend multidisciplinary discussion for management given interval progression of hepatic metastatic disease.","Examination(s): CT abdomen and pelvis with IV contrast (oncologic staging). Clinical information: Known colorectal adenocarcinoma, staging and restaging for metastatic disease. Comparison(s): CT abdomen and pelvis with IV contrast XX/XX/XXXX. Technique: Multiphase contrast-enhanced CT of the abdomen and pelvis performed following intravenous iodinated contrast (type and dose documented in electronic medical record). Portal venous phase images reviewed with axial, coronal and sagittal reformats.. Findings: Liver: Multiple hypoenhancing hepatic lesions scattered throughout both lobes suspicious for metastatic disease. The largest lesion is in segment VII measuring approximately 4.2 x 3.8 cm. Several smaller lesions measured: 2.1 cm (segment IV), 1.4 cm (segment II), and numerous subcentimeter lesions. Compared with prior study dated XX/XX/XXXX there is interval increase in size and number of hepatic lesions.
Lymph nodes: Enlarged porta hepatis and periportal lymph nodes measuring up to 2.5 x 1.8 cm. Several subcentimeter retroperitoneal nodes are present.
Bowel/primary site: Postoperative changes in the left lower quadrant at the expected surgical bed; no evidence of locally recurrent mass identified on current images.
Osseous structures: No lytic destructive osseous metastases identified on this exam; limited sensitivity.
Pelvis: Complex left adnexal cystic mass measures approximately 5.0 x 4.5 cm with internal septations and heterogeneous density—could represent hemorrhagic/complex functional cyst versus cystic metastasis; correlation with pelvic ultrasound or clinical history suggested. No frank pelvic free fluid.
Other solid organs: Spleen, pancreas and kidneys demonstrate no focal suspicious lesions apart from subcentimeter renal cysts.
No bowel obstruction or pneumoperitoneum. Impression: 1. Multiple hepatic metastases, largest in segment VII measuring 4.2 x 3.8 cm; interval increase in size and number of hepatic lesions compared with prior exam XX/XX/XXXX—worrisome for progression. 2. Enlarged porta hepatis lymphadenopathy up to 2.5 cm. 3. Complex left adnexal cystic mass measuring ~5.0 x 4.5 cm—recommend pelvic ultrasound correlation to further characterize and to evaluate for possible metastatic disease. 4. No acute bowel obstruction or free intraperitoneal air identified. Recommend multidisciplinary discussion for management given interval progression of hepatic metastatic disease."
19,CT,Abdomen/Pelvis,CT abdomen and pelvis with IV contrast (trauma protocol),"Blunt abdominal trauma after motor vehicle collision, hypotension in field",None,Contrast-enhanced CT of the chest/abdomen/pelvis following intravenous iodinated contrast (type and dose documented in electronic medical record). Arterial and portal venous phase images obtained with multiplanar reconstructions.,"Spleen: Irregular splenic laceration along the lateral superior pole measuring approximately 3.5 cm in greatest depth. Subcapsular and perisplenic hematoma is present measuring up to 4.5 x 3.0 cm. There is focal intraparenchymal contrast extravasation on arterial phase with pooling on portal venous phase consistent with active hemorrhage.
Liver: Small subcapsular hepatic contusion along the superior surface measuring up to 1.2 cm; no active extravasation identified in the liver.
Kidneys/adrenals: No renal laceration or active urinary extravasation identified.
Bowel/mesentery: No pneumoperitoneum to suggest bowel perforation. No focal mesenteric vascular injury identified.
Thorax (included portions): Small left hemothorax with trace layering dependent pleural fluid. No large pneumothorax identified.
Osseous: Acute fracture of the left 9th and 10th ribs posteriorly.
Other: Moderate volume hemoperitoneum layering in the dependent pelvis and perisplenic region.",1. Splenic laceration with associated subcapsular/perisplenic hematoma and active intraparenchymal contrast extravasation—findings consistent with ongoing splenic hemorrhage (urgent). 2. Moderate hemoperitoneum. 3. Small subcapsular hepatic contusion without active extravasation. 4. Left-sided rib fractures (9th and 10th) and small left hemothorax. Recommendation: Immediate surgical and/or interventional radiology consultation for management of splenic hemorrhage; correlate with hemodynamic status and serial hemoglobin levels.,"Examination(s): CT abdomen and pelvis with IV contrast (trauma protocol). Clinical information: Blunt abdominal trauma after motor vehicle collision, hypotension in field. Comparison(s): None. Technique: Contrast-enhanced CT of the chest/abdomen/pelvis following intravenous iodinated contrast (type and dose documented in electronic medical record). Arterial and portal venous phase images obtained with multiplanar reconstructions.. Findings: Spleen: Irregular splenic laceration along the lateral superior pole measuring approximately 3.5 cm in greatest depth. Subcapsular and perisplenic hematoma is present measuring up to 4.5 x 3.0 cm. There is focal intraparenchymal contrast extravasation on arterial phase with pooling on portal venous phase consistent with active hemorrhage.
Liver: Small subcapsular hepatic contusion along the superior surface measuring up to 1.2 cm; no active extravasation identified in the liver.
Kidneys/adrenals: No renal laceration or active urinary extravasation identified.
Bowel/mesentery: No pneumoperitoneum to suggest bowel perforation. No focal mesenteric vascular injury identified.
Thorax (included portions): Small left hemothorax with trace layering dependent pleural fluid. No large pneumothorax identified.
Osseous: Acute fracture of the left 9th and 10th ribs posteriorly.
Other: Moderate volume hemoperitoneum layering in the dependent pelvis and perisplenic region. Impression: 1. Splenic laceration with associated subcapsular/perisplenic hematoma and active intraparenchymal contrast extravasation—findings consistent with ongoing splenic hemorrhage (urgent). 2. Moderate hemoperitoneum. 3. Small subcapsular hepatic contusion without active extravasation. 4. Left-sided rib fractures (9th and 10th) and small left hemothorax. Recommendation: Immediate surgical and/or interventional radiology consultation for management of splenic hemorrhage; correlate with hemodynamic status and serial hemoglobin levels."
20,CT,Abdomen/Pelvis,CT abdomen and pelvis with IV and oral contrast,"Left lower quadrant pain, history of acute sigmoid diverticulitis treated conservatively 6 weeks ago",CT abdomen and pelvis with IV contrast XX/XX/XXXX,CT with oral and IV iodinated contrast agent (type and dose documented in electronic medical record). Portal venous phase images with multiplanar reformats.,"Colon: Wall thickening and mural hyperenhancement of the distal sigmoid colon with pericolic fat stranding consistent with active/inflammatory change. A small pericolic fluid collection adjacent to the sigmoid measured approximately 1.0 x 0.8 cm. Compared with prior exam dated XX/XX/XXXX the previously reported 2.5 cm adjacent collection is decreased in size. No air-fluid level or rim-enhancing collection identified to suggest a mature drainable abscess.
Bowel/obstruction: No evidence of small or large bowel obstruction. No pneumoperitoneum.
Solid organs: Incidental simple hepatic cyst in segment VI measuring 1.8 cm. Liver, spleen, pancreas and kidneys otherwise unremarkable for acute process.
Lymph nodes: No suspicious bulky lymphadenopathy.
Other: No free intraperitoneal gas. Minimal dependent pelvic free fluid.",1. Findings compatible with resolving sigmoid diverticulitis: persistent sigmoid wall thickening and pericolic inflammatory change. 2. Interval decrease in adjacent pericolic fluid collection from 2.5 cm on prior exam (XX/XX/XXXX) to ~1.0 cm on current study; no drainable rim-enhancing abscess identified. 3. No bowel obstruction or pneumoperitoneum. 4. Incidental simple hepatic cyst in segment VI measuring ~1.8 cm. Recommendation: Continue conservative management and clinical follow-up; consider repeat imaging if symptoms worsen or fail to improve.,"Examination(s): CT abdomen and pelvis with IV and oral contrast. Clinical information: Left lower quadrant pain, history of acute sigmoid diverticulitis treated conservatively 6 weeks ago. Comparison(s): CT abdomen and pelvis with IV contrast XX/XX/XXXX. Technique: CT with oral and IV iodinated contrast agent (type and dose documented in electronic medical record). Portal venous phase images with multiplanar reformats.. Findings: Colon: Wall thickening and mural hyperenhancement of the distal sigmoid colon with pericolic fat stranding consistent with active/inflammatory change. A small pericolic fluid collection adjacent to the sigmoid measured approximately 1.0 x 0.8 cm. Compared with prior exam dated XX/XX/XXXX the previously reported 2.5 cm adjacent collection is decreased in size. No air-fluid level or rim-enhancing collection identified to suggest a mature drainable abscess.
Bowel/obstruction: No evidence of small or large bowel obstruction. No pneumoperitoneum.
Solid organs: Incidental simple hepatic cyst in segment VI measuring 1.8 cm. Liver, spleen, pancreas and kidneys otherwise unremarkable for acute process.
Lymph nodes: No suspicious bulky lymphadenopathy.
Other: No free intraperitoneal gas. Minimal dependent pelvic free fluid. Impression: 1. Findings compatible with resolving sigmoid diverticulitis: persistent sigmoid wall thickening and pericolic inflammatory change. 2. Interval decrease in adjacent pericolic fluid collection from 2.5 cm on prior exam (XX/XX/XXXX) to ~1.0 cm on current study; no drainable rim-enhancing abscess identified. 3. No bowel obstruction or pneumoperitoneum. 4. Incidental simple hepatic cyst in segment VI measuring ~1.8 cm. Recommendation: Continue conservative management and clinical follow-up; consider repeat imaging if symptoms worsen or fail to improve."
